,INV_NUMBER,CUS_CODE,INV_DATE
0,1001,10014,2012-01-16
1,1002,10011,2012-01-16
2,1003,10012,2012-01-16
3,1004,10011,2012-01-17
4,1005,10018,2012-01-17
5,1006,10014,2012-01-17
6,1007,10015,2012-01-17
7,1008,10011,2012-01-17
