Unnamed: 0_x,CUS_CODE,CUS_LNAME,CUS_FNAME,Unnamed: 0_y,INV_NUMBER,INV_DATE
1,10011,Dunne,Leona,1,1002,2012-01-16
1,10011,Dunne,Leona,3,1004,2012-01-17
1,10011,Dunne,Leona,7,1008,2012-01-17
2,10012,Smith,Kathy,2,1003,2012-01-16
4,10014,Orlando,Myron,0,1001,2012-01-16
4,10014,Orlando,Myron,5,1006,2012-01-17
5,10015,O'Brian,Amy,6,1007,2012-01-17
8,10018,Farriss,Anne,4,1005,2012-01-17
